x,y,z,slope_angle,slope_roughness,seeder_height,aspect_sin,aspect_cos,curvature,local_relief,roughness_m,roughness_l,rain_1d_mm,rain_3d_mm,rain_7d_mm,rain_30d_mm,api_7d,api_30d,temp_mean_7d_c,temp_min_7d_c,temp_max_7d_c,freeze_thaw_7d,vibration_events_7d,vibration_rms_24h,disp_rate_mm_day,disp_accel_mm_day2,pore_pressure_kpa,pore_trend_kpa_day,strain_rate_micro
1020.4286499023438,730.0,-771.3756103515625,44.487001382781074,8.77845081665447,43.13248566174819,-0.8831898166700568,-0.4690157222634561,-0.0034811943171447,45.87574654839243,8.906689788107183,8.431158715576638,5.779830282088286,17.492944579901074,16.60818979619126,45.87297971939846,15.790780279893909,30.831879999646183,-1.5292309528246442,-5.004464951983296,1.946003046334008,1.907941685305167,5,0.0387790488166869,2.0934065459337234,-0.0086852031783876,45.67912490531365,-0.902608722913391,2.313572805959591
525.6753540039062,778.0,4923.19482421875,55.00261241452651,10.109745407720428,18.28919708242738,-0.317171964180209,0.9483680430814126,0.0019194014994923,25.711978517871863,11.42883815888062,13.43445128801546,0.6832872556856389,6.096141637780708,14.401155549738608,35.24749686613295,10.537864546745942,22.89268070643945,3.053334368150749,-1.7101317828686549,7.816800519170154,1.5757241237982729,2,0.0334201642899974,0.19994021087135,-0.0296255168137567,58.241334168722446,0.7341773505756656,0.1804346245450693
-2071.779296875,208.0,1872.9429931640625,60.41046421855808,10.720333114543196,28.168432520699653,0.894087757198959,0.4478918200044908,0.0135623475263633,38.08191304493828,11.495419543274272,14.124750857558558,1.937942099768822,14.608032911705155,32.30859760954873,71.33348040558535,23.961362649217666,47.64742152740151,12.258263631521595,4.285230146534672,20.23129711650852,0.0,6,0.0550805880209213,0.2338427241774293,0.224283940918085,52.453287233870014,-0.4242371391061892,0.4596274967423233
3061.285888671875,386.0,-445.882568359375,71.95812560042589,10.69468034656606,34.15207535776699,-0.9161646665990656,0.4008020754380182,-0.0212328214345216,20.71788124264889,12.271990545688904,15.73558099787098,0.8937731038116086,15.691956415520004,3.4454845668832066,38.69320518468896,6.864254975167085,22.77873007992802,8.967211581760468,-1.0348671403856873,18.969290303906625,0.4919062410739336,5,0.0477993346949895,0.2330871607303447,-0.0189762148385395,42.8760422684289,0.5158162450700378,0.9297375240987068
-2906.675537109375,832.0,-608.6277465820312,44.18117436158207,11.139204743253748,20.123345643418624,-0.964604052283302,0.2637025261893274,0.0382933067068224,35.35657050332112,11.534059751819528,13.304602962769826,2.492244483969639,16.337421173014285,16.67556868838786,26.98804762293934,15.155792013333963,21.071919818136653,5.00535515365367,2.381461843309662,7.629248463997678,0.6240673904701101,9,0.0462993568465858,0.2082049484338335,0.0743523942502009,63.99515161683559,0.740212239469211,0.508936528996317
-649.3637084960938,688.0,3093.157470703125,40.9246588948792,14.49729793926208,13.604605769247836,0.2731546799949679,-0.9619701246903912,0.0247223558691737,49.375094283706446,17.54582784403967,16.06829484809839,1.9201305686803063,4.223694250896642,22.06447240701089,55.2386545013937,14.697804776343556,34.968229638868635,0.7818741478191855,-5.005123813907928,6.568872109546299,2.5402512151197327,7,0.043308426901719,0.8129044696846528,0.2250073889701264,47.175872367007145,0.2867768623228414,0.381012174099053
4390.935546875,279.0,-3986.19921875,51.13008142504723,11.939625029308644,10.028037151132564,0.3232493309908968,0.9463138327288352,0.0451763486609269,31.595993839390218,15.181650780498943,14.752777994915698,14.782675685338797,3.375572963047601,16.283852671270157,13.172258794335582,12.261251060210254,12.716754927272918,14.163601042971283,7.486805707283905,20.84039637865866,0.0,4,0.0381830777516119,5.5230211450975455,0.220544044112324,45.76957099508087,-1.2532897703654882,0.7090472460442767
1236.8831787109375,685.0,-2032.76318359375,60.92035334988401,7.472429241232845,37.27268044387257,-0.6062026962118029,0.7953101854657343,0.1500114776217117,40.66693319434641,7.233853212065354,10.023788603779892,17.256112586286324,5.187054271380319,32.011358430365554,46.96484642652809,22.488542598262057,34.72669451239507,1.2805491522986454,-2.281830668604198,4.842928973201489,1.4791426547240714,3,0.0360161940337086,0.3625222219734382,-0.0121988957894678,54.29027719622239,-0.8821961160808854,0.4673390333509435
4762.00048828125,259.0,-3864.09814453125,43.81721271138457,5.791058538179092,24.08188295823412,0.8140487210665686,0.5807965906665467,0.0207215871639018,21.506074039079277,6.277436760771557,7.2459490023561886,13.96346077437445,4.768897366494359,22.87786894624652,23.16740596403436,16.553736655133665,19.86057130958401,7.067113163239879,3.400861250861986,10.733365075617773,0.5120334273361782,2,0.0196391493124154,0.5286477871174462,0.1706851382100594,60.50488772280036,0.7012899019247225,0.70641920117859
-742.1299438476562,371.0,2401.72119140625,76.21536342003967,8.838850988772872,34.52194706176198,0.9464816763264382,0.3227575504590025,0.0533573055257561,21.234885318057724,9.289774033761118,10.9832185108621,3.4797210457236085,7.954072359500646,11.559242088850542,73.33701511176642,9.66973906573288,41.50337708874965,9.5459293142097,2.479744150536497,16.612114477882905,0.1527879782471584,4,0.0376594886037394,1.1165544942889185,0.0168685972767894,41.86109238838924,-0.632337981265613,0.2995992728751649
2659.298828125,393.0,-3660.599609375,51.80965430930669,7.327684216355399,57.80699661752633,-0.8416812947708211,0.5399746272121628,-0.0879458098079713,15.817929277575754,8.484668011845477,10.476879556369353,4.3172639462621065,8.8118593792408,8.158439947243334,74.10957557309266,7.9703481767444515,41.03996187491855,11.820698594512123,5.684115253428091,17.957281935596157,0.0,7,0.0316878316102171,0.6662086869072763,-0.1108889711688421,59.91100951722159,-0.4442777431338288,0.0617989126874716
-803.97412109375,383.0,-79.71580505371094,60.504969305063184,16.703550310880388,20.284020199146564,0.4134821663719324,-0.9105122174316902,0.0369039731746503,34.863265887933544,17.25998654980965,23.882386974232286,1.3457520091720223,10.681911514898104,26.76881368876887,32.686465933438434,19.400436868647954,26.0434514010432,5.006963950598955,0.4238631974473081,9.590064703750604,1.0896946323106311,3,0.0460643807294447,0.0671684377644075,0.0709437954124234,51.906171370915416,0.5011763471197048,0.4902441949300969
-1607.9482421875,489.0,-812.06298828125,61.37020378089974,9.204099203982649,48.759525655928336,0.4905478407325752,0.8714142619630505,0.0277598408500267,23.030614774395325,10.830190479858386,11.092759930872608,0.5734217408799969,18.860395710727435,19.566625035628647,77.38983087584887,17.455435908683416,47.42263339226615,7.048368668179935,-0.3807664656249345,14.477503801984806,1.0441937156792245,1,0.0005517977752695,0.3018523023658781,-0.0241606244652828,68.46417373042624,-0.1124782721209797,1.1097895430919085
2442.844482421875,479.0,3581.20068359375,56.06293470440425,12.75090756946943,40.88713593857599,-0.8021267625164408,-0.5971537966511586,-0.0231300373501106,25.043683380199354,16.1759037170078,13.323908477097888,13.340973622145578,8.206237288116094,10.18918698656853,50.62775374562664,9.909480740590505,30.26861724310857,3.0976362528157804,-4.103433458575847,10.298705964207407,2.366876310326472,6,0.0272831190828975,1.0863173269537574,-0.1834280813025841,42.60983479281404,-1.191007047955569,0.5196044799475275
-5071.22119140625,1003.0,-1503.7744140625,73.86095815256917,16.64768955948889,6.250241428062349,0.2679996664189148,-0.9634190047945652,0.0604298824463969,34.626543153695806,16.50635925284784,22.52250665659095,4.457825069977249,19.325095281150933,21.885844520349018,83.84069567891503,19.37481780355241,51.60775674123372,6.636842430937341,3.4915044236228767,9.782180438251803,0.503727015550481,11,0.0554420475705286,1.1951137357719444,0.1834945987413976,36.62871807073867,1.4254878934528323,0.1959185726706278
3556.039306640625,331.0,2157.67333984375,61.29840914506285,11.300342540659743,11.27302493982944,0.9230944769096496,-0.3845732527086363,-0.090152461290984,35.68460945175176,11.395738293872542,11.633055871362956,8.52673176467449,9.176665021551289,32.648149283998094,39.1479679142683,23.19456225333169,31.171265083799994,4.895253458246504,-0.1548453133502754,9.945352229843284,1.2275940114201067,5,0.0414442712078877,0.6121739093754799,0.0573687187227807,55.99948921318476,-0.1281351113160624,0.7480886750824016
185.5324859619141,764.0,3703.207763671875,48.85183375564875,13.485839140610176,29.1856588702033,0.937699345837414,0.3474477468858965,0.0324723130483607,8.635435698244592,16.793080901495642,18.915562267570365,4.591373466201412,11.162928508773538,6.668047251032808,25.9805987867537,7.808844249871887,16.894721518312792,9.328793164237192,4.475513555111474,14.18207277336291,0.1551216404530204,6,0.0408070571771306,0.3689543723501659,0.0099643777355574,58.50359712316558,-0.1721004597315552,0.8366306780055581
5380.44189453125,223.0,-3457.105224609375,36.8833697312852,3.895323815461652,23.58387660296227,0.5166185247207656,-0.8562156853943635,0.0150195581050002,48.25920310822792,4.040867058267501,3.9973187849415392,5.018738706375488,2.600979291485052,15.71963792230076,74.49815706470181,10.71395041146352,42.60605373808267,11.88432757023403,5.99304576082237,17.77560937964569,0.0,5,0.0327622670051236,0.4652668557041922,-0.0333534021900736,55.25766940293624,1.007169603244348,1.1879185308177849
3803.416015625,404.0,4313.22021484375,69.75858544928089,10.957715480548408,53.50099461144571,0.6482560278139419,0.7614224336088935,-0.0399353466087708,50.912870699600674,13.746388614346952,11.62727959056909,0.4845126224865043,6.017779423288177,7.472285137419222,29.500749111520054,6.337156171686636,17.918952641603347,13.373273788765037,10.860455950991453,15.886091626538615,0.0,6,0.0298542768927334,1.3884591813781724,-0.1540171509854171,41.16511641095168,-0.1083657192928046,0.2306367980098251
-4669.234375,1203.0,5248.4990234375,61.24722012655118,12.456177625186328,36.12633954554666,-0.8509017909498722,0.5253247968241171,0.0177585666488852,16.03476156639302,17.01142547870447,15.123054151829288,0.4062830910293923,9.352290836252717,21.434605393416614,11.537242677480274,15.707078796028725,13.622160736754498,5.92734418642217,1.041056964148705,10.813631408695636,0.9476269553620522,3,0.0158552352515641,0.9849549210007232,-0.0454252788540017,59.13286339761859,-0.4301504289320029,0.5272443953002411
-3494.195068359375,883.0,-3131.523193359375,41.685350686651766,11.716975981099074,59.79203915677471,-0.266280312466304,-0.9638956350107866,0.0152309277581478,47.16570446269803,14.93990830309852,14.927885021036026,1.187981194972804,12.152281819639551,22.63520008803957,36.39946988643824,17.34560271821289,26.872536302325564,8.376870445393557,3.566183398697472,13.187557492089642,0.3718270630216572,5,0.0341066136096988,0.0,-0.1290366699954673,40.85054225804837,1.03376674144542,0.5057683703082775
525.6753540039062,778.0,4719.87451171875,65.06079209691376,10.696621544565968,20.11369123901788,-0.9860670369838114,-0.1663484252223828,-0.0601479201017849,42.874927649184826,11.892640773273197,14.09476928355649,10.94546093401097,7.329060403686406,18.3939428076638,38.590616169202,14.329629899105296,26.46012303415365,14.167778795288768,10.393941995988436,17.941615594589102,0.0,5,0.0340927487295359,0.1633435991264895,-0.1978047675242139,50.89301732371406,0.2256497780018055,0.2589984646150234
-1731.636474609375,1073.0,4394.55224609375,56.318651126224296,8.049576923136375,29.97404852595191,0.9958710312089036,-0.0907793434593717,0.0298436773020293,62.02684544662996,9.364221566970585,9.209029318295505,7.89814270277017,13.638701887314625,10.748434117750676,17.061956355004337,11.33048530712181,14.196220831063073,-3.2407315863750537,-5.303028392443748,-1.1784347803063588,1.3003008790759123,6,0.0322590507210903,0.5362070849943492,-0.0057309997798587,56.20324566013463,-0.1755404282024679,0.4660937426018054
1205.961181640625,364.0,-4271.10791015625,61.65326925198383,10.718045889992425,51.380305836876,0.9989835689004756,0.045075814655628,-0.014713236894503,10.757942864280352,12.804564942072568,13.593642822477266,8.521589021499176,4.652540131372728,31.170999197304265,50.62561012584802,20.95052045994429,35.788065292896164,11.052469185785132,6.162451248423503,15.942487123146764,0.0,8,0.0425122396573771,2.1862911865551604,-0.0775351650745844,48.028694620790425,1.3470576012134337,0.7014639601375591
2133.62353515625,393.0,-3904.79833984375,75.01909090137443,15.010743459115249,50.91908982311964,-0.4209407823903578,0.9070881201518368,-0.0248871841131447,50.178334035964994,14.872948273724038,18.955676977109604,0.4701261109299843,5.331969534931799,17.397457525453174,50.315699465847445,12.085077986844444,31.200388726345945,17.32763656686284,15.615595222289077,19.0396779114366,0.0,5,0.0349031503841343,0.8632742900038719,-0.1330354762690133,68.01728733652669,-0.8770998697106327,0.4409983473071008
-773.052001953125,929.0,3784.544921875,58.05344258965206,0.5,59.73568984011013,-0.8976963662329873,-0.4406146094401436,0.0160200352591501,27.714851900018125,0.5203906917726101,0.7765587574381665,2.928879846957027,13.614870673231293,29.123585780910943,52.42012323994639,21.85150065521165,37.13581194757902,-4.343191289090392,-11.693415846020615,3.007033267839832,5.02027032561047,10,0.0291556756942056,0.407431993942238,-0.1070817847384124,59.4021930057497,-0.8138655081045817,0.2554341751252154
-2195.4677734375,803.0,3296.51171875,58.46709670450816,7.329375805011628,24.340942137291904,0.4688643694822734,-0.8832701755578471,0.043073197071451,26.5608623550718,8.660896066776703,9.87683634285812,0.0322832513643754,7.252018613482018,22.667092685668266,41.90193776648983,15.779089520582,28.84051364353592,2.570922011307017,-0.8800066143356862,6.02185063694972,1.220819899681559,3,0.0424633924416838,0.3830010187185659,0.0113451666704107,55.88728054797525,-0.5042877898322786,0.1958567328579389
2133.62353515625,456.0,-3579.201416015625,72.02819875552352,11.840782185064636,27.30349571492193,-0.6175389355251459,0.7865403124509701,-0.0433777964926741,19.141371385607712,13.944702828584449,16.897578915196917,2.225222088840796,30.47282263083508,19.618510087989264,61.69807379847201,21.13547505092816,41.41677442470009,17.3233323412194,10.22268705271118,24.423977629727617,0.0,5,0.034978001214554,2.025990089996637,-0.034114879109948,49.60937836740675,-0.393258423373318,0.3552851100105498
-2133.62353515625,655.0,2889.798828125,63.74583708638524,9.83418208376856,10.405278623189746,-0.8402593901966225,0.5421846154091796,0.0614435618987568,20.14600354688858,10.096952874935296,11.197911598011649,11.737749220743048,9.274842416408807,20.500593086374412,48.59356198821315,16.2565834988216,32.425072743517376,18.33774590067624,17.63774590067624,19.03774590067624,0.0,6,0.0112162337183372,1.4163008622464577,-0.0927791837790138,47.07710492970581,-0.4447285924966979,0.8369288096498932
4112.63671875,290.0,-4149.00341796875,31.9010950345056,16.762550482527942,7.250456492726667,-0.990264300936451,0.139199907653856,0.0147561496890992,36.81323679461267,19.98911013631593,18.31865612447317,9.439316292205945,7.353536973242312,16.323619158342495,53.53786020976812,12.944164216198784,33.241012212983456,-4.369003567239464,-10.234792129859844,1.496784995380918,4.0135969895697485,8,0.0636442902638992,0.6883962977544877,-0.0119871828692414,49.89135075466491,0.1111417250577108,0.3171326590394461
1546.10400390625,562.0,-3009.4326171875,56.719036375629045,7.751436796319233,33.156074907205,0.268348876728745,-0.9633217948112772,-0.1087455902201985,8.961178554546493,7.787650860188794,10.70519559695128,0.0496182428751367,9.64632466754266,5.854200744786768,55.50581851679661,6.411379671422373,30.95859909410949,4.977562304583203,1.0008349020732816,8.954289707093125,0.9510888386077504,3,0.0388591647674918,1.5853464024701762,0.134385823694622,43.68731440230429,-0.4762380889271174,0.710076936606774
-3401.428955078125,867.0,571.213623046875,69.07757882491795,16.365637991514713,37.32556781954673,-0.1750824925191867,-0.9845537673551754,-0.0574731048703227,35.20584138723668,19.06842540940832,20.851659707722785,10.069035134312788,8.923399678261877,14.185708457227843,36.40191073170262,12.195348491246548,24.298629611474585,15.586899234416254,10.309080372027642,20.864718096804864,0.0,6,0.0410783839187103,0.3097247146616573,-0.0500716145671948,65.20640637439651,0.870991389940126,0.3942403515036766
3123.130126953125,387.0,2198.348388671875,40.45163983016502,14.676952696639752,14.559623718752922,-0.9929877769424336,0.1182170666313622,0.0402661213711414,34.34523412528253,15.703949385063632,17.288789546719507,3.910901056950652,8.116962552751456,41.22257872635377,48.36901224140742,27.55972610733276,37.96436917437009,22.118439939851413,19.015421259424947,25.22145862027788,0.0,5,0.0162327211250128,0.0411543216074207,-0.06598028451544,42.04098973414637,0.6099187224247251,0.3522497468071729
-1762.55859375,331.0,245.7543029785156,55.55430630651068,18.3268641244647,7.388253645690364,0.6524384747482558,-0.7578416963114194,-0.0811596461526303,53.76309710984055,17.6474261460229,21.900027107060183,2.5340894972055863,13.010218819645983,14.429452917085062,35.45474533514713,12.81414634586539,24.13444584050626,10.339791098574278,8.896498529597071,11.783083667551484,0.0,6,0.0352750317369466,1.1832298189638004,0.0980137415067676,44.59091518431555,-0.9711851469726656,0.1659358552524484
1422.415771484375,681.0,449.1676330566406,35.25492797762463,11.859002140247304,44.63854101650575,0.1270506122879983,0.9918962354587524,0.0905379612268641,28.30092542581935,13.070676582565492,15.196263161587574,6.927563386426002,0.3716597144821709,13.226411927756292,13.550496812647046,8.740101409641028,11.145299111144034,7.682206653464319,3.9212631237589135,11.443150183169724,0.4150995185641719,5,0.049194670447712,1.529238389827687,0.0416899914932332,59.71270034803288,-0.5792559626358781,0.1856511746407724
-3123.130126953125,753.0,-2439.697021484375,72.93259854935546,9.504616664536233,18.47226463652963,0.2239048717886033,-0.9746110036262308,0.0191945893990304,31.738397518827576,9.896724890850985,9.817241526297408,1.3608382610311405,19.4693487930629,17.365491518483,33.19713072686537,16.396183375111782,24.79665705098857,14.553901928075252,6.329264315759506,22.778539540391,0.0,10,0.0348929904898102,0.0,-0.0694585544547915,31.990912639882403,-0.0556596580615837,0.7635023505654527
3679.7275390625,401.0,4516.54931640625,53.44222265538277,14.494890797759597,58.30677430351068,0.4897890570812576,0.8718409714870324,0.0797660306452969,18.90381938193484,17.70547461491471,17.99210584136058,17.006621785835854,13.428180744950549,23.389650048331237,76.46971748601462,19.76290643106749,48.116311958541054,16.67508599636722,13.949238278296122,19.40093371443832,0.0,10,0.0431060090602027,1.351453193740724,-0.00663808188553,63.34486316960472,-0.6258989023265424,0.1684696117208658
1.862645149230957e-09,719.0,3174.499755859375,47.6286990578165,10.733175862968857,12.883933895093966,0.588455054304654,-0.8085299308394878,0.0534912623062962,50.47944868284263,12.373773685918074,11.59628645335578,4.771457023405235,16.70329896689635,25.286526093904808,96.06345685040613,20.66005104875231,58.36175394957922,22.364215935215697,16.11715939930491,28.611272471126483,0.0,3,0.029973735648723,0.0956223301427419,0.1201064474929346,49.270577942714354,0.0762058656660785,0.2790534871711995
5287.67578125,237.0,1547.5267333984375,34.28233168592746,17.283590726040718,3.788903169817911,-0.4532995493872773,0.8913582436513904,-0.0431642443180187,31.20998308354172,18.316199508901768,18.501585644185194,2.4522025413512303,12.867440033888954,7.462855643704522,31.838081231625665,8.583165650524522,20.21062344107509,4.875079539625563,-3.104599741654674,12.8547588209058,1.9473915055170987,3,0.0327826526714778,1.1923784453422617,0.0178224785089349,53.15153768653731,0.2407575731653948,0.212731113696052
1020.4286499023438,708.0,2971.142822265625,45.79612473141268,12.819829863398924,22.49413464294038,0.2203434969825592,-0.9754223410079844,-0.0027637474172779,52.22261004331159,12.946013040893815,16.26065111940443,15.426617499853604,15.247204634555125,15.071870732190275,43.99508991970167,15.159945579666063,29.577517749683867,11.22240157736961,6.009688340791549,16.43511481394767,0.0,6,0.0431007733580885,0.8127615980740621,0.019237754870561,47.71360683654638,-0.1318815804068978,0.1911908185495997
1236.8831787109375,425.0,-4678.134765625,53.46376770407382,15.24621526839118,26.131827598175303,-0.8357879387441183,-0.5490523849778434,-0.0581265486049122,24.56740074280824,18.17114104181297,21.08995221709649,8.525816810960348,8.092984331193934,25.20836086991788,109.78590988363366,18.40549350240494,64.09570169301931,-5.038342311588989,-9.682944248410047,-0.3937403747679306,3.326053039380205,8,0.0322010967055568,0.0,0.0434901000822875,62.59325029098795,-0.6713231991010266,0.6663401737245359
-3803.416015625,1030.0,3825.21337890625,64.52265000103185,13.182368429545267,54.70509154253642,0.951752927261896,-0.3068653865270771,0.0185105553968351,15.431805689081584,13.819909321404328,14.399229376630574,4.499760183935638,8.299870705355417,5.961518314864795,11.925365923257852,6.5168482189190655,9.22110707108846,0.3778918856203281,-4.776618645629154,5.53240241686981,2.361774171828148,5,0.0440478031073583,1.047724855175885,-0.0130742345376429,47.73008087789152,-0.1876187170497752,0.3856758931922733
5318.59765625,224.0,449.1676330566406,38.65362907614707,0.5,33.52718902987976,0.5366654903610677,-0.8437950885466889,-0.0138166450966518,17.353939764268915,0.544932442143159,0.7075196475556871,10.588981711986971,11.90709200754303,15.91106670022484,35.236068430177866,14.177665793596509,24.70686711188719,31.08802625812051,30.136869218874285,32.03918329736674,0.0,3,0.0167222562821056,0.4109560744364422,-0.0814299355265436,53.194341006356574,-0.0337929007200202,1.185724773018556
3154.05224609375,384.0,-1341.014404296875,67.64687715053343,8.515250506443845,37.70474851528507,-0.9265376821441126,0.3762019717744917,-0.0753072396684269,57.923597412466265,10.505325002355145,10.600323632166116,3.074426305401021,6.596510906787328,11.457303276535908,26.295692309559893,9.160777868497844,17.72823508902887,5.191423083116101,-0.085801236230357,10.468647402462558,1.208378049867987,6,0.0351165627786765,0.0724280589055862,0.0344785812352572,54.502964469919256,0.2294949965418732,1.0161978234558324
-2473.766357421875,751.0,-690.0013427734375,56.48864506829951,6.693000216263193,38.12085329471381,-0.3328830310228874,-0.9429681265329256,-0.0211099170058662,23.118081206935265,6.678409363105383,7.547628427825364,14.043371107222011,0.4676058623117942,8.244596756377524,23.57022732997756,6.491376923242253,15.030802126609906,-5.456762878448707,-8.097401688846032,-2.816124068051382,1.9436060923781109,3,0.0037997820618366,0.5695762302292025,-0.1594360285931997,61.20623980856142,0.3257531077863898,0.2982288656354454
-2040.8572998046875,599.0,-323.8254699707031,45.642465043063766,20.4466336497295,57.27174582466309,-0.3128333656985795,0.9498080255007844,-0.0496301287116185,16.442441351535173,19.714174949373355,23.671535721132354,0.8049144675568998,13.03673762883644,29.64785794305641,32.47669091148652,21.780227501240468,27.12845920636349,-4.4881920889059135,-8.285364291588659,-0.691019886223168,2.619721917481981,2,0.0198662792939973,1.2852097158591989,0.0645232968425594,59.60719755069941,0.2614056274361842,0.0796547910826012
-3494.195068359375,786.0,1425.492919921875,58.89793943974003,5.910123329635841,47.49658831861234,0.735175919172833,0.677876366211701,-0.014623394808281,2.757926066670702,6.9039961084286245,8.051846596709584,1.86490488826224,3.9892616970145,26.835425712896715,50.922152731974144,17.484524425668603,34.20333857882137,10.865503126169092,6.166870128598132,15.564136123740052,0.0,5,0.0295579057789061,1.4410611477364403,0.1245941200618642,55.45603992447285,0.6452838499373937,0.2306971400185218
4143.55859375,248.0,-4963.0634765625,51.0661381588647,14.524730176090976,5.246376155349061,-0.8910989935362974,0.453808972717153,-0.0256049242481869,11.229733775258456,17.3971698618234,15.282826104347738,2.205584370211984,3.0336492537245285,13.7439424458507,63.34403749160887,9.377018680648977,36.36052808612892,11.22724800514512,8.901454485977919,13.553041524312324,0.0,6,0.0452928169938737,0.689296306753945,0.0676554198095583,68.59514976201902,1.4502472772113042,0.759127642775583
711.2078857421875,717.0,2889.798828125,51.65505803957596,16.056687699428156,12.76873832082564,-0.5573708632369152,0.830263645364854,0.0626842646135276,31.00880969763087,18.358989468430504,16.43963551108715,4.9325649666611024,4.982707666384976,21.59490375739091,38.85288728314032,14.945011051016149,26.89894916707824,5.794062617953499,1.0570246156680794,10.53110062023892,0.948746914951768,13,0.057944579613112,1.9673372394100663,-0.102919819152948,54.288981433352696,0.1574738361496411,0.3395804073648703
-4174.48095703125,1048.0,-3131.523193359375,65.3994166345434,7.863286228187366,28.896017558883607,0.670761102474281,-0.7416734749251095,0.0008154728613185,25.932626888087192,7.989073140325579,9.970656185898,4.00643688963182,9.663062086449523,11.953242618066524,51.31223026585243,10.471507885737951,30.89186907579519,12.590387047688012,7.55999596942554,17.620778125950483,0.0,8,0.0433680981926399,0.0,0.0534266109999013,58.20551089905375,0.9803714064935,0.5114608809946278
4576.4677734375,271.0,1669.55908203125,31.96211341189197,9.024477848604391,36.39911433318108,-0.7674192009190052,0.6411456699228621,-0.061776714915027,41.503724163351855,10.74159026236564,8.500175556357377,3.6037216056677934,5.230604944366113,25.81104911704764,92.13731585968144,17.416183114105195,54.77674948689332,3.013122392960329,-0.7649765038555878,6.791221289776246,1.257005456159258,4,0.0200048451663402,0.0,0.143469920725713,55.01589005760234,-0.4608627595551346,0.4250023859422776
3679.7275390625,402.0,4435.21826171875,22.96509183759818,9.967609568366225,36.987794262371054,0.3526160972422407,0.9357680738119092,0.0046938091564442,29.42569464657966,10.065642962774907,13.009913863827745,4.466379657986904,6.539600177376511,18.57718335735337,49.65509848499788,13.554828033423664,31.604963259210773,5.683881695377512,2.408981673206028,8.958781717548995,0.6730883776906159,0,0.0135999931446452,0.2792105426658235,-0.0492405133990852,52.20097175410844,0.5613337738906947,0.6319039185791148
4854.7666015625,260.0,1994.97119140625,38.964191276417,12.646116043301346,57.73103565665576,0.688306817013798,0.7254196893194546,-0.0052845220342652,62.999119880175385,14.89359810341464,16.691053031222697,7.748579827912598,6.827549600667775,12.405714575785105,38.05681637928675,10.266551608462652,24.161683993874703,-0.1659048780192531,-5.272055210728181,4.940245454689674,2.471839932151682,3,0.0169946132245227,1.1170187022811358,-0.0875026021738154,42.288438527496666,0.9208102034601464,0.2413466057923747
-5163.9873046875,1025.0,5695.77490234375,56.00077345521722,0.7629632942229154,19.865613248882845,0.9691611135574008,-0.2464279528953218,-0.0204589358628103,34.92580382996727,0.8185092751004579,0.979832090057989,11.612464355957334,8.85849146021841,4.627687748614401,8.73563722060686,6.595406522829897,7.665521871718378,7.638392297609858,3.8274736440686303,11.449310951151086,0.4285664212088206,6,0.0324038910018019,0.1002467855535444,0.0693636330055803,47.347628470741626,-0.9136244666710536,0.304905688791206
4576.4677734375,253.0,-690.0013427734375,54.261848041623786,8.940609502269139,10.0356775014237,-0.3908162605690067,0.92046871238237,0.1027864674485269,52.61981118730927,9.693924893873843,8.974425436708328,2.6283353382016563,12.101977740675409,22.84259547350393,54.903999221841445,17.59898414012515,36.2514916809833,11.970860843391076,9.75354866486298,14.188173021919171,0.0,4,0.0317710302042958,0.2403243370065734,-0.053130863569116,62.23874254000694,0.8989837263307681,0.5418206183747591
2782.9873046875,447.0,-486.568603515625,58.43910189002759,12.47924957186116,53.19886322220231,-0.2204493570397198,-0.9753984216620274,0.1067075997677879,24.17329022620524,14.536046891435362,14.049708292099682,9.640602768433457,21.035239213396903,28.328927344336545,50.66481237269499,24.27198844746434,37.46840041007967,22.535801490107215,17.391996347562138,27.6796066326523,0.0,9,0.0468544055783446,1.0165113134357542,0.1155522923363131,57.00270992276666,1.749588655970875,0.2256399860371514
1391.49365234375,612.0,4760.53857421875,67.66246393543338,5.522431568411986,4.182355313366913,0.8350845664895684,-0.5501215927510297,-0.0140556052380626,9.763802591356235,6.485090520852613,6.993359899229358,1.938816364900513,7.10352758786276,24.926730837799248,25.917325956062555,17.280978415528427,21.599152185795493,14.43797355620692,10.952722587680594,17.923224524733246,0.0,5,0.0299807367656267,1.3444800970201245,0.0071644467858102,50.40185394318544,0.7506822798406686,0.2443690424010294
1731.636474609375,689.0,83.02059173583984,61.787402870797,9.87534088418199,53.57884378394048,-0.746635347348283,0.6652335365043685,0.0379571655787699,32.476707590354515,11.9184995333453,12.066524475674631,3.285794653395109,5.577197593503449,11.984616660755051,38.16858459780679,9.192508739843577,23.680546668825183,10.118338818913188,4.599790199872115,15.63688743795426,0.0,5,0.0454167627783578,1.6679877274958312,0.1449725401340381,38.73172465829357,1.2201396954150117,0.3953384733574504
92.76624298095705,644.0,2605.08984375,81.5472661920292,9.425332360577874,56.38629927217803,0.9939336754179194,-0.1099811296097011,0.0306062075600158,24.26517050324612,10.307854130626849,10.85201803836786,1.01343648041078,4.386427479742122,11.445879592859358,17.140294557334343,8.28479964767933,12.712547102506836,11.598377894250426,10.289045958022308,12.907709830478543,0.0,5,0.0384993303367614,0.4528107955506844,-0.1081446006265308,48.84949057696084,1.0531108456514398,0.9571753876292268
2411.92236328125,436.0,2686.43603515625,46.8097213338876,12.859388060693435,50.79212802115268,-0.60198663428294,-0.7985061628720832,0.0734892270838367,53.28295340653055,13.153169182401411,14.466914115121684,9.438563901604011,6.379320699163387,19.72820459632621,37.6204104991649,14.694575357705144,26.15749292843502,-6.334268574220005,-8.543997144350392,-4.124540004089617,1.7187761876493763,7,0.0255736901711335,3.324333358833626,0.1702953040528224,52.904361059238965,-0.3765671403844066,0.6504953496795394
3988.948486328125,280.0,-1178.257080078125,53.69291217623529,15.050308644734583,30.47562398001114,0.9137256757438889,0.4063316250138227,-0.0330056598399473,21.141491618285656,17.690929769162434,18.967632994957587,11.787117092697626,4.728208890606908,11.95369521646914,18.01779219289537,9.76939150633332,13.893591849614344,5.646796625994078,2.73518462036317,8.558408631624985,0.6035637717480293,7,0.0465012183077798,0.1126878148575886,-0.1608812499645636,50.2330380150924,-0.1855624753195798,0.3994181678608035
-4576.4677734375,1057.0,-1503.7744140625,61.428116652529326,10.471861172511096,8.089433981218725,-0.745035678559561,0.6670246154927828,0.0061818142993977,1.0,12.572009129397427,13.914356517625343,15.649128504549502,5.350554518161879,7.5658481751665185,24.69972068633461,7.709588111003425,16.204654398669017,16.167370387325963,15.467370387325964,16.867370387325963,0.0,10,0.0430357440979355,1.3990201407772105,0.0314300571544597,41.8458791473653,0.055839999851662,0.5413434219240851
-4298.16943359375,970.0,3052.486083984375,69.14004809193631,9.02465705109884,8.34373885893493,0.305188505948564,-0.952291959346966,-0.0752038619388339,40.87755074947885,10.42523867733502,13.012049161034632,0.599042034346626,5.351015699766492,20.878096192175075,45.828926972130205,14.192066628669656,30.010496800399928,24.54153543197099,23.10650230634027,25.976568557601706,0.0,5,0.0325528543008384,0.3976679226254817,0.1509383323511288,65.03873310972152,0.2113401008469266,1.196635603181487
-2875.75341796875,955.0,-4840.94970703125,61.85859020304219,8.979636223682107,41.92314867175641,-0.4674577216105148,-0.8840154288849864,-0.0676794039999246,16.074624735184294,8.866750493813479,10.217481049316165,9.829617588698383,12.072740218222888,38.0884094004165,60.38205725968629,27.4578294645866,43.91994336213645,0.6914814218377519,-2.4504710195693926,3.833433863244896,1.3927106034543162,6,0.023290028016373,0.0091305817564233,-0.1213989126131102,58.47280355045731,0.8940505454369019,0.4282049936306973
-3772.493896484375,887.0,1506.8489990234375,45.75288914124668,10.216705004333546,41.67874884671465,-0.51356456458852,0.8580509530319304,-0.0050296372324439,12.318090863803144,12.376452731441129,9.78214870865723,0.3900814549070083,0.3586917765944245,7.721068805737335,20.94579027683805,4.779256961911429,12.86252361937474,16.249273556192414,9.975128926353223,22.52341818603161,0.0,4,0.0358338511389152,0.741448361139178,-0.0828097941066484,46.37049732231719,0.018710292222472,0.820196982380972
3988.948486328125,303.0,1994.97119140625,51.47180305605541,5.695917922573634,6.380108261740999,0.6616470398853876,0.7498154403657639,0.0192499168859595,16.24082706739363,5.548072382275517,6.787488456163867,0.4202439982618468,9.734294880409246,43.97453816114584,26.531360315801468,29.347035760636462,27.939198038218965,9.873088033936988,5.087725035755708,14.658451032118268,0.0289199917344942,8,0.068089237663193,0.4411632470270833,-0.0016091564810082,57.76762085722598,1.1471063242891668,0.2299310740862812
-4267.2470703125,1026.0,3662.5390625,51.11765381099967,13.320199672640696,56.22264707340002,-0.5148110971254605,0.8573036418192097,-0.03596260977641,32.743851677241146,13.65593392848191,18.69075993494707,4.937123481910072,6.022376735201293,10.708247855221698,39.660277472448016,8.725374081884414,24.192825777166217,12.080629576572631,6.46536501513809,17.695894138007173,0.0,3,0.0361103803618178,1.1038743445414625,-0.1880477543555055,49.797131885977045,-0.1599265235360207,0.2141608819131319
4174.48095703125,245.0,-4759.5419921875,27.67640069635256,6.965875577700438,45.80706429329942,0.5580713692918506,0.8297929541618915,-0.0286895147054196,33.07426958170984,6.191960480127373,8.138746685249329,1.4294712140848114,16.412530670053656,24.018549388987395,58.757305407313964,19.477835955817014,39.11757068156549,11.347226569162515,5.822497223771746,16.871955914553283,0.0,8,0.0454809099500679,0.0066631191311588,0.0807833780360708,49.924227974560736,-0.2049925652494357,0.6654017447088512
4823.8447265625,238.0,-2602.47509765625,64.89526356060698,12.85641005095321,3.459782342338572,0.881234668495224,0.4726790232727836,-0.0179669549878919,25.546179524327275,14.152625683845953,15.2357831206396,1.4153878802463329,11.429951742759028,16.537846828602454,40.351251125281294,13.493232408013814,26.92224176664756,8.83246521809401,5.870324873550371,11.79460556263765,0.1646858038638901,8,0.0434049039183969,0.616236407835687,0.0357525115905539,48.573874257562615,0.3044697442241747,0.6552508655326144
-4916.61083984375,1026.0,-4596.72802734375,65.93806698805908,13.011882930165902,57.91617516958631,0.7963072918830536,0.6048923018966909,0.1271618076437671,33.91975700100489,15.007794466959556,15.186448351418123,4.071602802518648,11.887341708696672,27.53787250791452,15.301687914811213,20.49608629760958,17.898887106210395,8.675228952547958,5.414915581399879,11.935542323696035,0.2056747028437019,7,0.0316774371237985,1.1696041424322294,0.0480637404307852,55.54744106511925,-0.3734822134114918,0.9177101246497956
4360.01318359375,373.0,5248.4990234375,54.80575289179788,12.100459654026167,43.25805108465216,0.9655128097845062,0.260355553315131,-0.0596074768598128,12.356318638792082,13.564827037629682,13.182680834697775,2.3252466146592554,14.742315046778112,38.87206732636015,70.54836464602099,27.978459571315447,49.26341210866822,18.937122001297418,18.23712200129742,19.637122001297417,0.0,8,0.0412402495713752,1.967296010507653,0.192777099858538,54.27049083982862,-0.1516088981495898,0.4327773784895763
2999.44189453125,379.0,2849.126708984375,55.01452941979435,10.216978102941596,49.150201814739845,0.9018553618567512,-0.4320380843053403,-0.0169690041154461,40.613485924527865,9.859362575617984,10.296455693854249,12.661934157822335,3.726972799491017,20.435862546640124,67.9660950426,14.645802783613613,41.30594891310681,11.385634243714748,5.245706698324834,17.52556178910466,0.0,5,0.0212878089268998,2.3474453603297336,0.0154803856260038,38.39954695724251,-0.337801320973091,0.4080724201210847
-3432.35107421875,727.0,-5207.29443359375,60.83304529507152,13.192408358282094,18.59153712781752,0.4398152164212817,0.8980882893147539,-0.0350048544124257,56.479334138283726,13.398494174413496,21.059908025475448,4.004786088426313,10.966148447164288,59.58594680394786,33.9575147234932,39.44189122536064,36.69970297442691,13.20119892132275,7.494227644365898,18.9081701982796,0.0,6,0.04691000682242,0.0,-0.1722286772145667,59.57428154110249,1.2689761644112592,0.2874915900891961
1453.3377685546875,724.0,3987.885009765625,36.554398157497104,4.284959540536893,28.03423770548713,0.9696508152985952,-0.2444939598247158,-0.0145587952055473,13.160616598169833,5.096766285987298,5.946574263102596,0.526852101321565,2.5095231468281294,36.83606964984941,74.31155536008441,22.90718394409024,48.60936965208733,23.64946163169152,17.89063506305356,29.40828820032948,0.0,1,0.0324804890151768,0.2107857798561903,0.0448163571852343,72.63205026963409,-0.0191947610789124,1.5701115740958005
2968.519775390625,409.0,2198.348388671875,45.09515458636904,7.694518417874683,54.31542852523564,0.8179827495308699,0.5752427500368154,-0.0291952880754088,9.00023763849152,8.235528888908423,7.68388593357447,4.455551313449778,9.05612460565565,12.702410760790317,37.51274662951091,10.783838969515864,24.14829279951338,-2.9593316800877965,-7.140031122703045,1.2213677625274515,2.579955749124246,3,0.0231684716112512,1.920947917850671,0.0542833205023286,53.90759992631421,0.0903995143818373,0.5886193733666913
-4638.31201171875,1052.0,-771.3756103515625,53.71745324315911,15.740585104521127,47.53733638435254,-0.7799970616375818,-0.6257831763772006,0.0111846229945493,6.679370407171874,16.38926649551832,20.385900651713857,0.4680288571728849,1.0696766422208344,25.051833997864264,50.42982393159237,15.398806277102096,32.91431510434723,8.211540714609004,4.4942088423026725,11.928872586915336,0.3165855573288644,8,0.0399786518500129,1.2242928537481197,-0.0721116525929059,63.60964364547836,0.0977097174971844,0.3341560322677846
1360.571533203125,720.0,3987.885009765625,66.03263200050958,4.223620274545848,42.530158192791845,0.9714352373647884,-0.2373048242367124,0.0256314696456719,29.489501505487222,4.682161454088785,6.320443700351871,4.928898002702275,33.9384044098876,15.838050562939316,28.99239023802828,20.177241461000094,24.584815849514182,7.574752601467575,1.9088845415200364,13.240620661415113,0.6543396082293202,5,0.024479445507797,0.7323068329986344,0.0169782671044071,43.38878034129003,1.3194684555724627,0.2604457938619882
-4081.714599609375,1038.0,-3497.8037109375,70.90841560810235,4.759137415049047,57.641946154182094,-0.7105724690599333,-0.7036240233349556,0.0376763464593609,47.482085884771166,5.4654135218002935,4.82035694517626,6.592736554297298,6.968745191968655,22.146118829051694,62.22100907437317,16.037568510451344,39.129288792412254,2.616696426778235,-0.697262172279685,5.930655025836155,1.1651410650444447,7,0.047359749679306,0.4925969834245249,0.1425421197304875,45.00732748393214,0.0368984211438433,0.6110968431340386
-3339.584716796875,885.0,-1585.1553955078125,54.35754836690114,5.401154042687092,21.511687229602916,-0.5444710985773269,0.8387796032415182,0.0089063294299433,35.89417157178882,5.729141325883988,6.103307436573616,2.5559093678596336,10.31919974565226,25.26573923296269,43.172919342886615,18.510794400259257,30.841856871572936,6.590874378505454,1.029549361185837,12.152199395825072,0.902821695523948,5,0.0399527860965167,0.8516303041981188,0.0472421506307831,60.03387828382051,-0.3156441095505109,0.8008599749342146
2628.376953125,312.0,-5003.76806640625,56.20693862978421,14.819397479853066,24.644497441862278,0.4528658066673584,0.8915786903866214,0.0333766988809205,66.28549804823254,16.898338379080563,16.925638767713586,3.286301165239044,7.096955095663271,9.651863775386214,94.90382424240168,8.248834910454613,51.57632957642815,17.765678668644544,13.779975310304076,21.75138202698501,0.0,7,0.0325589648860264,0.5788002454613286,0.182062259957162,58.59184568839551,0.2206665231010307,0.7728735996663207
-3494.195068359375,910.0,-4637.43115234375,83.68794514536141,8.344308993096375,59.70053388667359,-0.1050144768995776,0.9944706932039316,0.0162991917510761,29.26381408734357,8.622231780468487,10.416420506695715,8.335038455827187,10.436595028181912,5.579475728509627,20.614590024683995,7.312167791143069,13.963378907913532,-0.5070081320414772,-1.2070081320414772,0.1929918679585227,0.3502336044013825,10,0.0530270509064088,2.371983097688611,-0.1122686670894206,46.646633782195465,-0.0121279769223503,1.0616944144172673
-4452.77978515625,1149.0,-39.03145217895508,57.42735585190143,15.6088014919865,17.2632655735636,-0.3608946943272222,-0.9326065727875076,-0.0136980318501349,21.1081562795851,15.504001618577872,18.63585217503612,7.454086619501515,10.966055671840351,14.893972380827886,30.40627093247905,12.971608791998989,21.688939862239017,15.409998856345256,7.857744799986979,22.962252912703534,0.0,4,0.038496628455526,0.6930383968860279,-0.0285671900338734,47.29868065797702,-0.3636448882732748,0.7267175868851701
-3463.27294921875,991.0,5329.82373046875,49.11784565081031,10.38048096439308,44.348511746915335,-0.7691258821065055,0.6390973145569381,-0.141047502485551,56.24178241977806,11.85102968286047,12.02805565303566,10.193154213035498,3.161902657425669,10.26908777075818,67.14544666851415,8.129338880986158,37.63739277475016,13.214368041591976,9.943922305048533,16.48481377813542,0.0,2,0.0313988035798636,2.20571789463145,-0.1291028216307769,61.07930573160609,-0.511621358646393,0.6662088413342991
5163.9873046875,236.0,-771.3756103515625,50.01800635187617,19.336474133910222,49.131555596461645,0.9408306189714158,-0.3388771848411495,-0.0011339800890803,24.498047477098083,19.048211919548358,24.175840877043655,12.313528913518844,11.545218984904794,7.243291099476075,19.9195791159669,9.040893246508968,14.480236181237936,-6.868817451411406,-8.25450163484121,-5.483133267981602,1.113088263599307,13,0.0476171147361053,1.2214041720993127,-0.0047551763332692,69.97616124813196,0.9614184057967688,0.5340652914347275
4236.3251953125,258.0,-2195.53466796875,52.291116273036586,20.6793005176838,18.367206357758867,0.65389474614072,-0.7565855278615653,0.0368816005753464,17.34148984063033,21.160932332298877,28.191192779744824,2.01707204401901,11.039398415134016,22.046236270165256,12.773806454027635,16.74126849104126,14.757537472534448,7.340733349987859,3.5320120744400527,11.149454625535666,0.482305022250285,2,0.0164541387298587,0.1306850063812213,0.1018061109707933,52.59580314671546,-0.1498234656540089,0.8816842758600828
4019.87060546875,300.0,3377.852294921875,69.12764332470991,4.035923092263451,54.70443488471484,-0.8717248701909761,-0.4899956639507392,0.0824597852289642,52.09223448014015,5.096111271853182,5.671352562423108,2.482252565039243,9.290673405327798,6.742761609040126,17.776439533325597,7.081084243526338,12.428761888425967,0.2090058132398589,-8.303080968672429,8.721092595152147,3.96865677137624,6,0.025965010629577,0.4692087963272958,-0.0631526779714015,58.48246690579011,0.4864348148470474,0.1132287928100865
1329.6494140625,647.0,1425.492919921875,53.20111671288189,11.594448700179411,29.873983484738,-0.9628861069637302,0.2699080306627274,0.0001529149285613,27.982086728993124,12.627177923745768,15.79379342343586,1.261656088319207,1.2460853712808264,14.22290943925838,36.49016776633736,9.033736883771196,22.76195232505428,5.528998823849142,-0.7405104546798462,11.79850810237813,1.3348087313424677,5,0.0404448395198667,1.088040099174597,0.1795678503607158,50.37429750036866,-0.5467661916138606,0.1994098976199893
30.922080993652344,456.0,1954.2952880859373,56.14251526142977,2.416826230094612,14.133731269915286,0.2022673206786651,-0.979330348240814,0.0180582771872093,50.79025085296299,2.4095069864550616,3.1380865855634927,2.600719348577131,15.14987264463544,7.50938412782256,77.45277924439539,9.31066420494188,43.38172172466864,13.474862614153167,11.787073090532196,15.162652137774138,0.0,7,0.0414230550328744,1.231599010443998,-0.1054035317412427,48.87836741870762,-0.1650869998828239,0.6991293711606744
989.506591796875,737.0,-405.19671630859375,79.9630759190982,8.20584122036545,37.936671624404696,-0.2842156146291072,0.9587603894618294,-0.0011128091401221,26.00876397046062,7.872972778416745,12.30819507369737,6.486549591357924,15.851647677546165,11.97819132805758,88.8935642484839,12.591064059234188,50.74231415385904,10.42640051352727,7.366953126743606,13.485847900310931,0.0,5,0.0439609483978449,0.2703741077428844,-0.0439230287830213,57.84438522920259,-0.4979941373443811,0.3920029700384946
-2504.6884765625,789.0,3133.82861328125,57.07136025741414,10.885983194469617,36.72294497803576,-0.3941308706168552,-0.9190543274620928,0.0118395011889349,60.00523369196,11.083045002110012,13.727417081101548,5.747218982577765,10.451064307206703,10.486192209761056,25.374920872497736,10.00175651627642,17.688338694387078,2.0703015619219918,-5.871842086140524,10.012445209984506,2.998990670525357,6,0.0278334141510781,0.3564818444717464,-0.1723503893132751,56.34049765585788,-0.8995059458938124,0.0583030267096765
-2597.454833984375,793.0,-1056.19091796875,52.43758707326675,11.091875801322406,32.51094796038717,0.8580151365839419,0.5136244010878372,-0.0067062932691403,21.485862687416805,11.561507723995078,12.00892684639496,3.9229463735782337,11.188640011186669,8.372396928712039,23.74607683859183,8.772324797941046,16.259200818266436,8.341648851337489,3.907260829328184,12.776036873346792,0.3501796414244958,2,0.0206838647583375,0.3464083339936056,-0.0185220752564092,47.78768145770207,0.4588484766036317,0.6817658611287325
803.97412109375,764.0,-1707.228271484375,28.72830615021128,10.396688615320324,45.172049638983786,-0.9988711193263804,0.0475024944151801,0.0307665391864463,36.12546210720456,11.503023579696476,11.56528767172114,3.110161149471992,6.614564942373164,18.53107178269096,11.289572825333105,13.414028667273724,12.351800746303416,3.9845312098148495,-0.9138844327114032,8.882946852341103,1.4031555437605434,5,0.0162770006394688,0.1901293601440153,0.0184511847878484,44.226561352142014,0.8191634937514642,0.299963856220963
-4143.55859375,965.0,2727.109130859375,37.90104910254416,2.7239040061039947,58.58288785029978,0.3731910763679789,-0.9277545044457124,0.0529970043915758,19.73418130677706,2.9102141321584467,3.2898300261814937,2.362617657833865,1.7838333980341792,22.8458775322001,29.020786701876112,14.4789383045137,21.749862503194908,10.810738686542091,4.429740178896644,17.191737194187542,0.0,3,0.0365109390024488,0.2937711262535828,-0.0261474572242653,61.5782049303268,0.787505318488028,0.2199113012883231
-3927.104248046875,973.0,-4230.40625,62.73985501582933,8.346203009999563,57.496108679998144,0.9929772004519908,0.1183058721388214,0.0420860372252409,12.6382883283975,7.902142293815129,11.850312986874554,2.7551409066010955,13.64809222438306,15.059448133162462,72.54490983405915,13.405610637872504,42.97526023596583,9.446457856174122,4.83259108115793,14.060324631190316,0.1216176050461644,7,0.0361021041121959,0.1671635784393785,0.0835171613115631,37.56559696504277,0.9047109140584956,0.8425124016520995
4669.234375,270.0,2035.64697265625,46.071199176192486,16.74908492461565,13.17746292749375,0.2363954116483758,0.971656940155112,0.0534734778870376,34.977273550250146,18.313449791632937,21.47154007559513,4.616955182235948,8.075935572097865,34.94707731561952,19.196271746070007,23.852722579224665,21.524497162647336,13.704713662253068,10.31203599001708,17.097391334489053,0.0,3,0.0357499925416335,0.4433875116225998,0.0493035347410275,50.45349029048381,0.2572787451319597,0.155936201455871
3679.7275390625,292.0,-1992.0706787109373,57.010075910576944,9.666980777038535,5.219150300214492,-0.2991122158202379,0.9542179427924772,-0.033093246633296,25.684691377361226,11.158570543086766,11.317367819572848,3.659447087041879,7.396570205211857,37.27928989922981,43.43437729250696,24.95248970980563,34.19343350115629,3.895464878881613,-4.9689348831448985,12.759864640908123,2.576811413091633,5,0.0375145468746106,0.0,-0.0166956809076046,72.49884893580445,0.2901768783787549,0.4926315142479687
3277.740478515625,255.0,-4718.83837890625,62.60348749889921,5.626851675784424,21.33826570517154,0.9996605474873972,-0.0260535947077758,-0.019341537747163,13.91893570133525,6.850111893105031,6.470618664349535,0.479555985642773,2.6840611938958574,2.4678683339820617,9.476716907100643,2.333894957122272,5.9053059321114585,4.461299001964996,-1.8697789541699867,10.79237695809998,1.669807037822964,2,0.0219506769145326,1.6493471330102365,0.1067948769984545,60.94073189119079,1.5450056767016949,0.1388615012997064
-5256.75390625,794.0,693.258056640625,36.81805903814306,14.622243604469954,10.656112080403355,0.97520944342711,-0.2212838481466424,0.0523511937742214,17.416666790061303,14.931665614526496,17.164164854094643,1.6704784703018118,13.462893269495172,14.554251966430376,26.89023854984837,12.93846700773696,19.91435277879266,14.87282569046956,11.14516857667063,18.60048280426849,0.0,4,0.032818029709253,0.6670157979936049,-0.0822188636893356,54.36719967844588,-1.1118253675595895,1.15959645046297
-3277.740478515625,833.0,-608.6277465820312,61.3672015794249,6.165822135447945,17.03799061823444,0.9698126978179205,-0.2438510429568164,-0.0165529849275291,31.885229815677928,5.798033832736198,8.216696719513923,1.357828455319255,14.869600835701933,21.310733134116607,15.958243905479453,17.38310297671247,16.67067344109596,7.378906601178459,1.9790818136050736,12.778731388751844,0.6739735764524538,10,0.0662585024597818,0.3701626824696562,0.021155477459411,57.58391181226333,-0.942673637322267,0.4280992979098965
1267.8052978515625,767.0,3703.207763671875,66.78741636972815,5.375466456427731,4.668964921204752,0.3149827436223987,0.9490973981737102,0.0837255222262899,13.469873749087409,5.912312669800238,7.175601113203465,1.6871182534449751,9.147655012867896,34.46240217630407,27.986739552272677,23.59044963498731,25.78859459362999,16.617770114534103,14.522733252278622,18.712806976789587,0.0,6,0.0444445235501143,0.2044308816302498,-0.1974856102975746,60.34630363771959,-0.4121289970751866,0.2897027598092523
